1.390665635674765357e-309,5.000000000000000000e-01,6.015625000000000000e-01,7.031250000000000000e-01,8.046875000000000000e-01,9.062500000000000000e-01,1.007812500000000000e+00,1.109375000000000000e+00,1.210937500000000000e+00,1.312500000000000000e+00,1.414062500000000000e+00,1.515625000000000000e+00,1.617187500000000000e+00,1.718750000000000000e+00,1.820312500000000000e+00,1.921875000000000000e+00,2.023437500000000000e+00,2.125000000000000000e+00,2.226562500000000000e+00,2.328125000000000000e+00,2.429687500000000000e+00,2.531250000000000000e+00,2.632812500000000000e+00,2.734375000000000000e+00,2.835937500000000000e+00,2.937500000000000000e+00,3.039062500000000000e+00,3.140625000000000000e+00,3.242187500000000000e+00,3.343750000000000000e+00,3.445312500000000000e+00,3.546875000000000000e+00,3.648437500000000000e+00,3.750000000000000000e+00,3.851562500000000000e+00,3.953125000000000000e+00,4.054687500000000000e+00,4.156250000000000000e+00,4.257812500000000000e+00,4.359375000000000000e+00,4.460937500000000000e+00,4.562500000000000000e+00,4.664062500000000000e+00,4.765625000000000000e+00,4.867187500000000000e+00,4.968750000000000000e+00,5.070312500000000000e+00,5.171875000000000000e+00,5.273437500000000000e+00,5.375000000000000000e+00,5.476562500000000000e+00,5.578125000000000000e+00,5.679687500000000000e+00,5.781250000000000000e+00,5.882812500000000000e+00,5.984375000000000000e+00,6.085937500000000000e+00,6.187500000000000000e+00,6.289062500000000000e+00,6.390625000000000000e+00,6.492187500000000000e+00,6.593750000000000000e+00,6.695312500000000000e+00,6.796875000000000000e+00,6.898437500000000000e+00,7.000000000000000000e+00
0.000000000000000000e+00,0.000000000000000000e+00,0.000000000000000000e+00,0.000000000000000000e+00,0.000000000000000000e+00,0.000000000000000000e+00,0.000000000000000000e+00,0.000000000000000000e+00,0.000000000000000000e+00,0.000000000000000000e+00,0.000000000000000000e+00,0.000000000000000000e+00,0.000000000000000000e+00,0.000000000000000000e+00,0.000000000000000000e+00,0.000000000000000000e+00,0.000000000000000000e+00,0.000000000000000000e+00,0.000000000000000000e+00,0.000000000000000000e+00,0.000000000000000000e+00,0.000000000000000000e+00,0.000000000000000000e+00,0.000000000000000000e+00,0.000000000000000000e+00,0.000000000000000000e+00,0.000000000000000000e+00,0.000000000000000000e+00,0.000000000000000000e+00,0.000000000000000000e+00,0.000000000000000000e+00,0.000000000000000000e+00,0.000000000000000000e+00,0.000000000000000000e+00,0.000000000000000000e+00,0.000000000000000000e+00,0.000000000000000000e+00,0.000000000000000000e+00,0.000000000000000000e+00,0.000000000000000000e+00,0.000000000000000000e+00,0.000000000000000000e+00,0.000000000000000000e+00,0.000000000000000000e+00,0.000000000000000000e+00,0.000000000000000000e+00,0.000000000000000000e+00,0.000000000000000000e+00,0.000000000000000000e+00,0.000000000000000000e+00,0.000000000000000000e+00,0.000000000000000000e+00,0.000000000000000000e+00,0.000000000000000000e+00,0.000000000000000000e+00,0.000000000000000000e+00,0.000000000000000000e+00,0.000000000000000000e+00,0.000000000000000000e+00,0.000000000000000000e+00,0.000000000000000000e+00,0.000000000000000000e+00,0.000000000000000000e+00,0.000000000000000000e+00,0.000000000000000000e+00,0.000000000000000000e+00
3.333333333333333547e-03,2.602664894653826042e-03,3.766404616284218208e-03,5.143953094670292159e-03,6.734915454999538219e-03,8.538836101180702007e-03,1.055519904046801037e-02,1.278342825280807428e-02,1.522288809935813496e-02,1.787288377667740208e-02,2.073266180598781067e-02,2.380141056864798488e-02,2.707826087722608327e-02,3.056228658679445778e-02,3.425250524399085783e-02,3.814787877604911004e-02,4.224731419926028991e-02,4.654966440546920436e-02,5.105372891073621522e-02,5.575825475114755403e-02,6.066193724230602852e-02,6.576342097704812595e-02,7.106130057346685125e-02,7.655412192317505304e-02,8.224038282452519888e-02,8.811853419694350154e-02,9.418698107895059901e-02,1.004440835611351557e-01,1.068881580663561814e-01,1.135174781870556260e-01,1.203302762456613106e-01,1.273247437072462518e-01,1.344990330011620050e-01,1.418512584519069641e-01,1.493794973462724829e-01,1.570817913159122392e-01,1.649561474161359009e-01,1.730005394382367612e-01,1.812129090340071913e-01,1.895911670825043971e-01,1.981331947942570615e-01,2.068368452064567320e-01,2.156999441177816779e-01,2.247202899992898073e-01,2.338956628622364808e-01,2.432238100140395876e-01,2.527024634814662440e-01,2.623293317566703919e-01,2.721021066960891410e-01,2.820184575687571527e-01,2.920761328454877237e-01,3.022724920770789026e-01,3.126054382683411959e-01,3.230724898010642887e-01,3.336712443386219418e-01,3.443992915092842777e-01,3.552542081161466636e-01,3.662335639297634171e-01,3.773349214482594749e-01,3.885558366766134197e-01,3.998938608010894069e-01,4.113465408796333489e-01,4.229114213212172846e-01,4.345860448847381763e-01,4.463679532710672082e-01,4.582546893775720775e-01
6.666666666666667095e-03,5.205387229351953783e-03,7.532892098335897818e-03,1.028801894818689132e-02,1.346997791812030131e-02,1.707785768807303789e-02,2.111062612989816900e-02,2.556713104285552457e-02,3.044610097580808389e-02,3.574614613250159945e-02,4.146575934294049331e-02,4.760331714779614254e-02,5.415708093133074497e-02,6.112519815021978664e-02,6.850570361872440617e-02,7.629652088826788248e-02,8.449546368806255814e-02,9.310023743890286085e-02,1.021084408317858155e-01,1.115175674804847888e-01,1.213250076249539205e-01,1.315280499116808499e-01,1.421238832206122016e-01,1.531095985570914975e-01,1.644821909929913839e-01,1.762385625259127175e-01,1.883755198575255696e-01,2.008897849919696887e-01,2.137779888055013067e-01,2.270366777196003993e-01,2.406623147517492345e-01,2.546512819784056414e-01,2.689998827340704390e-01,2.837043440053741428e-01,2.987608186800428389e-01,3.141653879684431216e-01,3.299140641336185120e-01,3.460027918237821298e-01,3.624274531291696855e-01,3.791838653162752371e-01,3.962677885599700245e-01,4.136749252667898391e-01,4.314009235584899682e-01,4.494413788351405703e-01,4.677918381545868587e-01,4.864478053709931360e-01,5.054047209273855312e-01,5.246580127910730473e-01,5.442030492161114008e-01,5.640351669349784602e-01,5.841496677952727756e-01,6.045418239549987804e-01,6.252068681088328583e-01,6.461400216597117385e-01,6.673364679740895200e-01,6.887913746922602609e-01,7.104998893672147542e-01,7.324571353498565696e-01,7.546582164950061955e-01,7.770982665405715695e-01,7.997723395510831779e-01,8.226755274857771028e-01,8.458029069168604419e-01,8.691495296775789692e-01,8.927105101268157927e-01,9.164808520322917929e-01
1.000000000000000021e-02,7.808224447499645740e-03,1.129954531917356370e-02,1.543231032921263748e-02,2.020533440978921833e-02,2.561725026220974810e-02,3.166650933553045305e-02,3.835138293079156518e-02,4.566996343225161736e-02,5.362016566249373090e-02,6.219972835985195653e-02,7.140621577359933247e-02,8.123701938125356403e-02,9.168935971447822464e-02,1.027602883071723067e-01,1.144466897433011054e-01,1.267452838171439777e-01,1.396526277992524989e-01,1.531651187983372742e-01,1.672789962249495999e-01,1.819903443475940630e-01,1.972950949418653677e-01,2.131890300207366917e-01,2.296677846673192136e-01,2.467268499124487535e-01,2.643615749623783873e-01,2.825671740743542770e-01,3.013387220023059920e-01,3.206711648744340337e-01,3.405593195211890634e-01,3.609978777006240258e-01,3.819814092528807103e-01,4.035043656556511205e-01,4.255610836200674485e-01,4.481457876089118275e-01,4.712525957246169184e-01,4.948755191435268985e-01,5.190084711043009280e-01,5.436452659010643229e-01,5.687796247516202497e-01,5.944051789321520562e-01,6.205154736239245628e-01,6.471039717040459882e-01,6.741640559191223181e-01,7.016890359711618341e-01,7.296721488212921658e-01,7.581065969356131085e-01,7.869853854142978555e-01,8.163016514746143093e-01,8.460483649659815697e-01,8.762184688960031886e-01,9.068048083658551972e-01,9.378003613976534369e-01,9.691976273396117891e-01,1.000989640740479913e+00,1.033169031449336916e+00,1.065728488147806186e+00,1.098660713082434848e+00,1.131958285932900932e+00,1.165613862935967360e+00,1.199620033242777772e+00,1.233969387376119053e+00,1.268654490855521511e+00,1.303667846993499913e+00,1.339002213868719648e+00,1.374649952096359984e+00
1.333333333333333419e-02,1.041123400512071473e-02,1.506644716632173954e-02,2.057694002605368888e-02,2.694113197593093686e-02,3.415719935706198335e-02,4.222307676484390176e-02,5.113645852337295877e-02,6.089480032710235802e-02,7.149532104815117806e-02,8.293500470301481964e-02,9.521060258302133095e-02,1.083186355355295755e-01,1.222553964009805705e-01,1.370169525964822776e-01,1.525991488468388391e-01,1.689976100799946979e-01,1.862077405581469280e-01,2.042247460042248830e-01,2.230435941124020716e-01,2.426590807439763242e-01,2.630657642377662309e-01,2.842580232214388380e-01,3.062300351259792941e-01,3.289757850593667543e-01,3.524890697385392735e-01,3.767635015335599191e-01,4.017925123207834459e-01,4.275693588422082581e-01,4.540871247191781701e-01,4.813387270388490569e-01,5.093169196536542209e-01,5.380142978890275485e-01,5.674233030431199420e-01,5.975362270359388939e-01,6.283452170156235139e-01,6.598422798727283656e-01,6.920192872763243352e-01,7.248679801032121839e-01,7.583799732729706866e-01,7.925467401970843762e-01,8.273597203719903481e-01,8.628101173962089421e-01,8.988891119975791488e-01,9.355877617947669922e-01,9.728970199227751081e-01,1.010807765113699519e+00,1.049310786682557062e+00,1.088396761359661680e+00,1.128056317529259056e+00,1.168280007201375037e+00,1.209058301566350080e+00,1.250381676213870419e+00,1.292240275246287151e+00,1.334624716252910126e+00,1.377524999045958154e+00,1.420931471440355143e+00,1.464834241579920926e+00,1.509223436960709375e+00,1.554089167399846927e+00,1.599421504936801686e+00,1.645210495211571367e+00,1.691446166048373945e+00,1.738118530254966876e+00,1.785217591491397915e+00,1.832733349604005024e+00
1.666666666666666644e-02,1.301447337168838876e-02,1.883368054908842945e-02,2.572202085647548250e-02,3.367751770104438630e-02,4.269789055388430871e-02,5.278055658272892692e-02,6.392263249691672311e-02,7.612093659964652703e-02,8.937199104679621753e-02,1.036720243063623259e-01,1.190169738173927211e-01,1.354024888349990297e-01,1.528239334746182843e-01,1.712763899301261716e-01,1.907546618771102376e-01,2.112532780431403967e-01,2.327664969461014643e-01,2.552883057137217970e-01,2.788124346410876808e-01,3.033323503405054855e-01,3.288412661808307602e-01,3.553321452259159408e-01,3.827977049680554855e-01,4.112304220578235636e-01,4.406225371891783760e-01,4.709660600395891294e-01,5.022527743832656544e-01,5.344742431966751361e-01,5.676218141211814006e-01,6.016866242846816704e-01,6.366596068064369618e-01,6.725314948795737546e-01,7.092928282716156607e-01,7.469339588146780562e-01,7.854450559352780248e-01,8.248161123368968894e-01,8.650369496121966817e-01,9.060972253705541490e-01,9.479864406057755266e-01,9.906939259561517996e-01,1.034208891532295116e+00,1.078520375836432788e+00,1.123617331984790413e+00,1.169488510659872915e+00,1.216122595532110440e+00,1.263508128270016018e+00,1.311633542125443697e+00,1.360487165926098641e+00,1.410057233256591935e+00,1.460331838683635475e+00,1.511299066861283791e+00,1.562946915917285962e+00,1.615263091995662759e+00,1.668235588654866541e+00,1.721852062475775602e+00,1.776100169314394961e+00,1.830967657270059501e+00,1.886441951041750276e+00,1.942510670879973089e+00,1.999161257428594629e+00,2.056381168933444581e+00,2.114157859204529810e+00,2.172478764561772469e+00,2.231331077547641595e+00,2.290702376784329086e+00
2.000000000000000042e-02,1.561800003738503945e-02,2.260132840581589864e-02,3.086766567753872204e-02,4.041463872019816772e-02,5.123950949766501589e-02,6.333917703224156703e-02,7.671017962023438108e-02,9.134869729698896768e-02,1.072505545468034061e-01,1.244112232525516615e-01,1.428258258807770520e-01,1.624891388946485271e-01,1.833955963934520705e-01,2.055392939594585522e-01,2.289139927334627456e-01,2.535131236675743360e-01,2.793297919538214602e-01,3.063567818704173717e-01,3.345865613040333586e-01,3.640112869188241729e-01,3.946228093970300388e-01,4.264126786867655228e-01,4.593721494379513492e-01,4.934921867101064730e-01,5.287634716707251270e-01,5.651764074894749523e-01,6.027211253316551165e-01,6.413874904331877680e-01,6.811651083488047265e-01,7.220433311710056090e-01,7.640112639871967648e-01,8.070577713627650196e-01,8.511714834234517246e-01,8.963408033146190723e-01,9.425539129709855635e-01,9.897987799572564027e-01,1.038063164013477202e+00,1.087334627626905359e+00,1.137600534642739580e+00,1.188848061513842591e+00,1.241064206748410115e+00,1.294235796933412841e+00,1.348349463544521232e+00,1.403391781150758355e+00,1.459349012133343004e+00,1.516207385905134597e+00,1.573952946768249594e+00,1.632571662583551575e+00,1.692049275558829446e+00,1.752371498185321119e+00,1.813523886296648957e+00,1.875491901605452982e+00,1.938260902057914015e+00,2.001816161964041108e+00,2.066142849814414095e+00,2.131226066797393681e+00,2.197050844114889490e+00,2.263602119384862110e+00,2.330864809511964619e+00,2.398823734537050889e+00,2.467463688785664910e+00,2.536769420020907440e+00,2.606725632780483082e+00,2.677317009433399342e+00,2.748528191525090314e+00
2.333333333333333440e-02,1.822187151764753307e-02,2.636947371115744634e-02,3.601398739543280880e-02,4.715264223215506062e-02,5.978224191309165769e-02,7.389916645313221455e-02,8.949937477820368859e-02,1.065784076028047228e-01,1.251313905915134028e-01,1.451530377981713194e-01,1.666376553761394486e-01,1.895791455521575741e-01,2.139710108563472324e-01,2.398063585998844172e-01,2.670779055964071502e-01,2.957779831027178008e-01,3.258985420619019968e-01,3.574311581743011001e-01,3.903670380909889381e-01,4.246970245972966351e-01,4.604116028678139627e-01,4.975009065484228277e-01,5.359547240758446573e-01,5.757625051674956085e-01,6.169133669480983961e-01,6.593961018752523273e-01,7.031991831768079626e-01,7.483107726749846922e-01,7.947187276810507850e-01,8.424106079876971798e-01,8.913736833514079860e-01,9.415949405790247084e-01,9.930610914323344529e-01,1.045758579042829650e+00,1.099673586594556607e+00,1.154792044072608048e+00,1.211099636077163311e+00,1.268581806020147473e+00,1.327223813398708652e+00,1.387010523302413256e+00,1.447926845344045477e+00,1.509957348876052929e+00,1.573086376275639076e+00,1.637298040439263191e+00,1.702576360113578158e+00,1.768905291164124982e+00,1.836268331117292263e+00,1.904649012513726314e+00,1.974030637918054554e+00,2.044396458061479738e+00,2.115729499261238544e+00,2.188012633740722190e+00,2.261228671756685848e+00,2.335360278291017000e+00,2.410390013572361934e+00,2.486300335341064649e+00,2.563073610917688150e+00,2.640692064388394211e+00,2.719137925379754961e+00,2.798393287476461655e+00,2.878440189898049617e+00,2.959260611037257682e+00,3.040836472324619510e+00,3.123149638279758111e+00,3.206181927183487268e+00
2.666666666666666838e-02,2.082614535826726038e-02,3.013819948336962998e-02,4.116109897532332917e-02,5.389167551208726148e-02,6.832627362050799902e-02,8.446075330213516363e-02,1.022904929946642366e-01,1.218103928728087315e-01,1.430148784120083283e-01,1.658979044145972304e-01,1.904529591442587766e-01,2.166730689054703063e-01,2.445508028510164633e-01,2.740782780762797688e-01,3.052471649807382281e-01,3.380486928852597384e-01,3.724736558934690911e-01,4.085124189882464174e-01,4.461549243454302482e-01,4.853906978664375149e-01,5.262088558845517960e-01,5.685981121066646660e-01,6.125467846591935439e-01,6.580428033563219259e-01,7.050737170643843754e-01,7.536267012867693404e-01,8.036885656994043892e-01,8.552457620884865719e-01,9.082843920521818104e-01,9.627902150568594664e-01,1.018748656421318843e+00,1.076144810561604492e+00,1.134963473569944092e+00,1.195189102559879091e+00,1.256805872779520383e+00,1.319797661438102843e+00,1.384148060806504876e+00,1.449840386618180821e+00,1.516857717685316187e+00,1.585182733272406219e+00,1.654798105794527574e+00,1.725686043189478047e+00,1.797828659036265098e+00,1.871207711078691549e+00,1.945804897327550131e+00,2.021601569157564615e+00,2.098578937852842774e+00,2.176717974545719692e+00,2.255999540235847700e+00,2.336404262360885831e+00,2.417912582347415462e+00,2.500504892604713536e+00,2.584161217470424710e+00,2.668861719528739407e+00,2.754586138128688688e+00,2.841314256827318196e+00,2.929025676375854204e+00,3.017699902962865277e+00,3.107316319972918350e+00,3.197854212975331567e+00,3.289292775810232605e+00,3.381611112400465746e+00,3.474788253853765774e+00,3.568803154541429823e+00,3.663634706996173662e+00
3.000000000000000236e-02,2.343087914046207074e-02,3.390758879146926752e-02,4.630911345120720252e-02,6.063188592432006835e-02,7.687179055190318522e-02,9.502416617197353976e-02,1.150838094552899399e-01,1.370449785979604707e-01,1.609013974580232043e-01,1.866462598209823187e-01,2.142722343044730915e-01,2.437714693646186315e-01,2.751355987859506191e-01,3.083557469787174821e-01,3.434225357927394029e-01,3.803260899585719224e-01,4.190560440277074084e-01,4.596015491230308614e-01,5.019512798576328816e-01,5.460934416728209229e-01,5.920157782289614534e-01,6.397055790896453153e-01,6.891496874648836979e-01,7.403345082580377046e-01,7.932460161597537640e-01,8.478697639020651433e-01,9.041908906525745193e-01,9.621941304398353711e-01,1.021863820980211779e+00,1.083183911777523489e+00,1.146137973627592732e+00,1.210709207102475204e+00,1.276880432311552349e+00,1.344634176478286314e+00,1.413952560525284285e+00,1.484817385463983008e+00,1.557210163041885087e+00,1.631111978523894557e+00,1.706503754961584685e+00,1.783366077842519548e+00,1.861679061095848020e+00,1.941422855364220101e+00,2.022577184220243129e+00,2.105121333025766983e+00,2.189034611157651522e+00,2.274295923916265671e+00,2.360883981635577111e+00,2.448777259370286341e+00,2.537954011299267343e+00,2.628392271582676187e+00,2.720069885911297725e+00,2.812964469989053029e+00,2.907053493730322291e+00,3.002314217109824934e+00,3.098723742882764753e+00,3.196259063873940764e+00,3.294896857203023721e+00,3.394613668059802247e+00,3.495386201708348572e+00,3.597190721849420569e+00,3.700003464924281449e+00,3.803800549681783050e+00,3.908557985517114197e+00,4.014251691939064948e+00,4.120857483701488633e+00
3.333333333333333287e-02,2.603613048595138785e-02,3.767772476280707022e-02,5.145814393578310164e-02,6.737342093506838714e-02,8.541897876705158155e-02,1.055896338110071803e-01,1.278795995330619106e-01,1.522824906054797423e-01,1.787913274303743749e-01,2.073985410202812130e-01,2.380959781875026104e-01,2.708749076462150795e-01,3.057260251217877589e-01,3.426394603129811478e-01,3.816047835331550786e-01,4.226110117119163956e-01,4.656466172951660432e-01,5.106995338762532199e-01,5.577571649393230357e-01,6.068063914896634214e-01,6.578335801868709920e-01,7.108245916445077306e-01,7.657647891194152567e-01,8.226390467275185303e-01,8.814317587188824632e-01,9.421268481061326749e-01,1.004707775761755739e+00,1.069157549501910998e+00,1.135458733461216063e+00,1.203593456945521778e+00,1.273543423010043751e+00,1.345289923001457444e+00,1.418813835342496832e+00,1.494095646743925476e+00,1.571115448920010316e+00,1.649852970963639587e+00,1.730287563965309250e+00,1.812398176759837165e+00,1.896163487053319718e+00,1.981561750024436463e+00,2.068571050108813925e+00,2.157168841285146410e+00,2.247332583811073814e+00,2.339039262394562169e+00,2.432265598097233195e+00,2.526988084879844720e+00,2.623182719464490553e+00,2.720825498441269197e+00,2.819892154070321233e+00,2.920357977150234596e+00,3.022197922935639269e+00,3.125387108927284441e+00,3.229900145549145840e+00,3.335711451704975072e+00,3.442795285412146189e+00,3.551125679389277590e+00,3.660676477894005743e+00,3.771421330080934275e+00,3.883333726765875404e+00,3.996386973715110980e+00,4.110554215032914627e+00,4.225808521664391471e+00,4.342122675960419897e+00,4.459469440192149747e+00,4.577821411097407811e+00
3.666666666666666685e-02,2.864195706204925029e-02,4.144869059007365297e-02,5.660830363033473450e-02,7.411642812541924252e-02,9.396802446926501295e-02,1.161573851427797621e-01,1.406781388072830818e-01,1.675232548411213496e-01,1.966850483066701349e-01,2.281551853350276549e-01,2.619246889085629082e-01,2.979839450292290914e-01,3.363227092507030669e-01,3.769301134189573244e-01,4.197946736177627924e-01,4.649042962007957080e-01,5.122462870650917877e-01,5.618073591110525067e-01,6.135736404902707442e-01,6.675306833658666283e-01,7.236634725758867015e-01,7.819564346204390670e-01,8.423934467230770329e-01,9.049578460987447448e-01,9.696324395202422508e-01,1.036399512403509249e+00,1.105240840467858643e+00,1.176137690627710564e+00,1.249070847969434128e+00,1.324020603317389355e+00,1.400966795501661810e+00,1.479888772179049461e+00,1.560765443957323084e+00,1.643575287668517682e+00,1.728296343514643674e+00,1.814906122938953148e+00,1.903381942510610436e+00,1.993700563703082240e+00,2.085838359408129339e+00,2.179771281708677844e+00,2.275475054875311987e+00,2.372924844057126226e+00,2.472095619741305761e+00,2.572961916291065965e+00,2.675497925675764055e+00,2.779677541927969120e+00,2.885474319989582259e+00,2.992861489475600933e+00,3.101812023771591598e+00,3.212298500258077283e+00,3.324293307037549106e+00,3.437768516872275359e+00,3.552695913592796018e+00,3.669047038167947417e+00,3.786793171308527217e+00,3.905905336250842019e+00,4.026354382201813742e+00,4.148110809847559644e+00,4.271145016187292143e+00,4.395427123287541704e+00,4.520927100009578758e+00,4.647614766643511253e+00,4.775459413626491845e+00,4.904430728687676933e+00,5.034497852965965414e+00
4.000000000000000083e-02,3.124841658674553518e-02,4.522056953878508812e-02,6.175970583463095270e-02,8.086105520397517121e-02,1.025191140216329122e-01,1.267276492855571313e-01,1.534797030915297233e-01,1.827675975851059120e-01,2.145829403846742645e-01,2.489166304427386789e-01,2.857588643412447560e-01,3.250991429908484109e-01,3.669262787249835678e-01,4.112284027815612530e-01,4.579929729041560815e-01,5.072067818604024669e-01,5.588559654403498778e-01,6.129260113414461975e-01,6.694017680523511871e-01,7.282674539977734840e-01,7.895066668861703274e-01,8.531023932180437086e-01,9.190370179596258904e-01,9.872923343216477576e-01,1.057849553651000418e+00,1.130689315445036147e+00,1.205791692450410624e+00,1.283136226294870674e+00,1.362701882191579061e+00,1.444467121412238209e+00,1.528409885258669831e+00,1.614507559838584072e+00,1.702737039412951070e+00,1.793074877736213324e+00,1.885496933667595076e+00,1.979978667552054539e+00,2.076495093017527882e+00,2.175020764688269992e+00,2.275529811749808839e+00,2.377995906801084303e+00,2.482392307424938327e+00,2.588691845970798600e+00,2.696866950339323665e+00,2.806889661381870127e+00,2.918731617483095064e+00,3.032364075646163393e+00,3.147757931163066125e+00,3.264883709344571283e+00,3.383711587637893370e+00,3.504211371289819521e+00,3.626352566486281237e+00,3.750104321572492960e+00,3.875435472988370655e+00,4.002314539939138882e+00,4.130709750287150150e+00,4.260589025219312376e+00,4.391919990220942260e+00,4.524670010289659317e+00,4.658806196282258227e+00,4.794295360836368758e+00,4.931104103163492347e+00,5.069198777904244224e+00,5.208545532254641230e+00,5.349110223987108448e+00,5.490858605297284534e+00
4.333333333333333481e-02,3.385556683385742421e-02,4.899344495455628529e-02,6.691246395684390114e-02,8.760745001952859046e-02,1.110724339631366658e-01,1.373006555720377997e-01,1.662845684529073720e-01,1.980158454072975249e-01,2.324853843012668619e-01,2.696833144288323658e-01,3.095990032233065792e-01,3.522210636554208296e-01,3.975373616947481814e-01,4.455350244032521556e-01,4.962004482782256809e-01,5.495193079346434306e-01,6.054765650844127212e-01,6.640564777779615069e-01,7.252426098871708193e-01,7.890178407953756246e-01,8.553643752598066863e-01,9.242637534528654886e-01,9.956968610662548791e-01,1.069643939646095498e+00,1.146084577708736063e+00,1.224997816189693278e+00,1.306361979518175120e+00,1.390154822404383594e+00,1.476353550866465136e+00,1.564934761688179243e+00,1.655874448017417677e+00,1.749148088291209158e+00,1.844730584087296510e+00,1.942596341805382210e+00,2.042719092529618141e+00,2.145072215098440704e+00,2.249628548042615250e+00,2.356360326088953183e+00,2.465239357194107139e+00,2.576236959841305740e+00,2.689323974320261268e+00,2.804470726895929023e+00,2.921647249792272749e+00,3.040822879969750314e+00,3.161966677140540583e+00,3.285047182128230325e+00,3.410032667293944719e+00,3.536890757295030774e+00,3.665588816175638698e+00,3.796093772946053768e+00,3.928372158848238538e+00,4.062390121827715639e+00,4.198113432532988298e+00,4.335507494277416107e+00,4.474537346278520289e+00,4.615167668733880291e+00,4.757362844873460617e+00,4.901086943623343295e+00,5.046303442152322738e+00,5.192975960502416832e+00,5.341067576871779465e+00,5.490540901914039651e+00,5.641358680919387858e+00,5.793483168947752837e+00,5.946876289215005329e+00
4.666666666666666879e-02,3.646346563806317914e-02,5.276740027047644582e-02,7.206669152348732510e-02,9.435576057460701160e-02,1.196281710247062979e-01,1.478766335686380329e-01,1.790930112399901908e-01,2.132683252023389042e-01,2.503927610713734819e-01,2.904556757079654328e-01,3.334456046689784903e-01,3.793502696316451983e-01,4.281565869007351033e-01,4.798506757631392228e-01,5.344178674441468768e-01,5.918427143295182935e-01,6.521089994801628764e-01,7.151997463958210677e-01,7.810972290349386116e-01,8.497829819415160246e-01,9.212378106283285462e-01,9.954418020047995919e-01,1.072374334015944841e+00,1.152014090814045266e+00,1.234339064197656599e+00,1.319326573418930337e+00,1.406953273753382305e+00,1.497195133459716443e+00,1.590027578017788823e+00,1.685425254758545988e+00,1.783362288518658412e+00,1.883812184682381652e+00,1.986747732910446151e+00,2.092141295436519499e+00,2.199964583923593953e+00,2.310188615488859121e+00,2.422784042325836662e+00,2.537720830339366351e+00,2.654968428430752869e+00,2.774495752491796807e+00,2.896271150920057380e+00,3.020262508109997412e+00,3.146437143871870568e+00,3.274761933532590152e+00,3.405203074543228237e+00,3.537726528607197718e+00,3.672297591503657976e+00,3.808881169977474723e+00,3.947441628275809578e+00,4.087942916319072140e+00,4.230348410423642846e+00,4.374621468969175808e+00,4.520724447864307827e+00,4.668619430804731962e+00,4.818268220155831116e+00,4.969632423303257163e+00,5.122672503177973624e+00,5.277349367379017941e+00,5.433623079525153443e+00,5.591453402513688609e+00,5.750799892048989115e+00,5.911621604345643988e+00,6.073877307974805184e+00,6.237525557243101204e+00,6.402524655960041500e+00
5.000000000000000278e-02,3.907217090010411259e-02,5.654251901441878503e-02,7.722250218915607811e-02,1.011061350375697943e-01,1.281865121453700518e-01,1.584558130962113454e-01,1.919053081023978646e-01,2.285253642189273571e-01,2.683054521168998785e-01,3.112341533789145798e-01,3.572991682927553758e-01,4.064873241064627662e-01,4.587845837092383583e-01,5.141760547066527298e-01,5.726459988374696941e-01,6.341778417245722554e-01,6.987541828946717271e-01,7.663568060192825770e-01,8.369666893798162199e-01,9.105640164635546707e-01,9.871281867169187096e-01,1.066637826330371741e+00,1.149070798676485428e+00,1.234404217347279120e+00,1.322614452087488512e+00,1.413677147967803638e+00,1.507567184207561084e+00,1.604258891476137983e+00,1.703725672230970600e+00,1.805940385317098107e+00,1.910875194747277961e+00,2.018501567376616901e+00,2.128790343333070822e+00,2.241711656612889403e+00,2.357235079642063802e+00,2.475329499700357871e+00,2.595963195259644696e+00,2.719103830029433233e+00,2.844718460097954704e+00,2.972773539926825137e+00,3.103235030503906700e+00,3.236068000719846349e+00,3.371237243022317642e+00,3.508706996214095319e+00,3.648440748627785446e+00,3.790401525416810635e+00,3.934551779019221929e+00,4.080853438604371775e+00,4.229267888347462367e+00,4.379755975021425662e+00,4.532278031815798691e+00,4.686793877359948013e+00,4.843262826474489913e+00,5.001643678617305966e+00,5.161894772117285868e+00,5.323973915811395230e+00,5.487838632591292232e+00,5.653445824756521354e+00,5.820751715685634764e+00,5.989712734151620310e+00,6.160284394140806974e+00,6.332422087896798502e+00,6.506080782665418560e+00,6.681215102521259830e+00,6.857779388509715801e+00
5.333333333333333676e-02,4.168174059188997638e-02,6.031888481649774758e-02,8.238000974753249828e-02,1.078587217558595185e-01,1.367476444884547504e-01,1.690384242480012511e-01,2.047217360152336074e-01,2.437872900872513626e-01,2.862238392983441071e-01,3.320191867905388783e-01,3.811601942738113147e-01,4.336327908821936417e-01,4.894219821639970713e-01,5.485118598453269101e-01,6.108856116692659155e-01,6.765255316408246289e-01,7.454130304693513676e-01,8.175286463426558736e-01,8.928520557090765530e-01,9.713620842961878665e-01,1.053036705171855436e+00,1.137853116545255450e+00,1.225787613867841408e+00,1.316815749311826877e+00,1.410912258662573748e+00,1.508051095455080537e+00,1.608205436818294087e+00,1.711347701650345110e+00,1.817449548093600376e+00,1.926481889067739095e+00,2.038414907039792112e+00,2.153218105813904604e+00,2.270860179462771633e+00,2.391309179326156720e+00,2.514532429992898166e+00,2.640496595679964642e+00,2.769167651683142051e+00,2.900510868767550487e+00,3.034490887345031584e+00,3.171071626541891675e+00,3.310216430399439247e+00,3.451887937946321649e+00,3.596048162803696435e+00,3.742658468667841909e+00,3.891679605008352194e+00,4.043071682804808553e+00,4.196794193949727969e+00,4.352806017804070393e+00,4.511065321367476066e+00,4.671530081306630500e+00,4.834157058622787773e+00,4.998902841670195052e+00,5.165723444123803354e+00,5.334573923788406447e+00,5.505409443392808022e+00,5.678183795307996107e+00,5.852851050129133981e+00,6.029364365763153266e+00,6.207676297832918522e+00,6.387739232492192443e+00,6.569504956362962389e+00,6.752924946425483022e+00,6.937950067323844117e+00,7.124531261318987951e+00,7.312618950725630285e+00
5.666666666666667074e-02,4.429223276165666218e-02,6.409658141639400231e-02,8.753932813944960423e-02,1.146136692691502867e-01,1.453117554578233495e-01,1.796246974111289363e-01,2.175425723045664450e-01,2.590544308463346157e-01,3.041483049507571201e-01,3.528112159641672574e-01,4.050291834551120740e-01,4.607872344320314006e-01,5.200694130159739803e-01,5.828587905549962311e-01,6.491374760062020854e-01,7.188866264554945040e-01,7.920864582698395884e-01,8.687162580384025778e-01,9.487543937792286552e-01,1.032178326277404912e+00,1.118964620464246718e+00,1.209088956320572894e+00,1.302526141207899002e+00,1.399250122205869085e+00,1.499233978648722987e+00,1.602449978429202782e+00,1.708869536513682341e+00,1.818463253596823259e+00,1.931200922841105339e+00,2.047051541090378901e+00,2.165983291511879738e+00,2.287963598483381933e+00,2.412959067519653278e+00,2.540935635564614437e+00,2.671858366029153942e+00,2.805691624285917563e+00,2.942399038501923414e+00,3.081943485233376911e+00,3.224287078123791783e+00,3.369391247453441984e+00,3.517216671282559215e+00,3.667723314039431415e+00,3.820870427187542440e+00,3.976616530640882274e+00,4.134919529042995201e+00,4.295736458444821437e+00,4.459023782589369489e+00,4.624737317331652164e+00,4.792832033450090456e+00,4.963262343203242999e+00,5.135981927227496691e+00,5.310943824855746342e+00,5.488100512370612805e+00,5.667403622240019700e+00,5.848804321925996419e+00,6.032253156770326363e+00,6.217699856265739733e+00,6.405094033369384654e+00,6.594384472018044896e+00,6.785519393309293434e+00,6.978446720781714241e+00,7.173113995911280405e+00,7.369468328199838325e+00,7.567456584065151759e+00,7.767025464218519915e+00
6.000000000000000472e-02,4.690370553914011142e-02,6.787569267080854896e-02,9.270057146489668609e-02,1.213711263221682324e-01,1.538790327141360825e-01,1.902148632855641952e-01,2.303680946687274023e-01,2.743271149722602553e-01,3.220792319011694937e-01,3.736106814613735505e-01,4.289066371995441940e-01,4.879512199240112480e-01,5.507275078642966948e-01,6.172175471779861589e-01,6.874023628038410383e-01,7.612619695598111802e-01,8.387753833654720825e-01,9.199206327942356376e-01,1.004674770450817878e+00,1.093013884515543932e+00,1.184913110227226118e+00,1.280346641276533637e+00,1.379287740916081306e+00,1.481708751503298283e+00,1.587581112937497707e+00,1.696875357700110776e+00,1.809561136183613694e+00,1.925607219979459162e+00,2.044981520518716955e+00,2.167651036698736711e+00,2.293582014871096142e+00,2.422739756743648609e+00,2.555088789604191835e+00,2.690592784757330325e+00,2.829214597511005458e+00,2.970916244199948153e+00,3.115658972122254511e+00,3.263403177140422162e+00,3.414108461489942403e+00,3.567733635281224558e+00,3.724236704583165025e+00,3.883574881101308218e+00,4.045704558161508757e+00,4.210581450856719421e+00,4.378160322048268327e+00,4.548395263733965521e+00,4.721239559073274528e+00,4.896645721235547200e+00,5.074565490830330816e+00,5.254949861300009850e+00,5.437749030083347535e+00,5.622912445188319452e+00,5.810388882465931104e+00,6.000126511139966645e+00,6.192072501446716615e+00,6.386173578766912051e+00,6.582375778048915826e+00,6.780624550649154259e+00,6.980864761872685342e+00,7.183040805333249956e+00,7.387096636089771629e+00,7.592975878913690302e+00,7.800621913887084702e+00,8.009978006558220898e+00,8.220987463153637265e+00
6.333333333333333870e-02,4.951621714072543257e-02,7.165630256089496053e-02,9.786385399198517521e-02,1.281312418777358908e-01,1.624496641911910566e-01,2.008091529042968504e-01,2.431985812032737004e-01,2.896056714049717318e-01,3.400170035259983958e-01,3.944180244507278776e-01,4.527930576329657342e-01,5.151253132933302226e-01,5.813968990304803075e-01,6.515888307484555275e-01,7.256810439754330933e-01,8.036524059196887837e-01,8.854807238744439868e-01,9.711427634057607783e-01,1.060614253604984514e+00,1.153869902685106030e+00,1.250883405163853324e+00,1.351627460762633293e+00,1.456073777844697270e+00,1.564193088408982746e+00,1.675955156555045678e+00,1.791328793793083740e+00,1.910281852944134995e+00,2.032781287771677992e+00,2.158793023729685956e+00,2.288282171773557305e+00,2.421212895173697088e+00,2.557548433905858953e+00,2.697251127707265717e+00,2.840282426428055285e+00,2.986602883942722109e+00,3.136172169218779171e+00,3.288949066218505912e+00,3.444891466719905981e+00,3.603956398739348366e+00,3.766100003094982274e+00,3.931277545880040858e+00,4.099443419636466857e+00,4.270551139245100991e+00,4.444553350027606875e+00,4.621401830288845325e+00,4.801047472990349618e+00,4.983440338909863598e+00,5.168529576342280940e+00,5.356263496326632456e+00,5.546589659107199033e+00,5.739454682007891329e+00,5.934804253639854643e+00,6.132583392490765561e+00,6.332736585527876549e+00,6.535206817674418467e+00,6.739937275262402494e+00,6.946869888189445952e+00,7.155946221663440632e+00,7.367106965752442171e+00,7.580292858035229564e+00,7.795443989397736750e+00,8.012500273391834682e+00,8.231401675170607390e+00,8.452088304061275537e+00,8.674500675473064248e+00
6.666666666666666574e-02,5.212982587472933527e-02,7.543849519972309348e-02,1.030292901672635042e-01,1.348941651298391220e-01,1.710238381122463347e-01,2.114077976530546465e-01,2.560343104243964496e-01,3.048904295780788809e-01,3.579620037620322437e-01,4.152336867440440948e-01,4.766889476848241158e-01,5.423100812617208666e-01,6.120782197518827017e-01,6.859733433787383872e-01,7.639742921062242509e-01,8.460587790628449900e-01,9.322033990279972038e-01,1.022383643465835323e+00,1.116573912492360154e+00,1.214747522224506548e+00,1.316876724099578899e+00,1.422932706704376660e+00,1.532885615886652175e+00,1.646704556356553217e+00,1.764357610801316589e+00,1.885811841889161622e+00,2.011033296491346878e+00,2.139987061895785914e+00,2.272637151840883885e+00,2.408946670721148653e+00,2.548877707822917671e+00,2.692391388071714076e+00,2.839447860243722310e+00,2.990006300874716416e+00,3.144024954897144397e+00,3.301461047071582389e+00,3.462270917046655683e+00,3.626409834977492697e+00,3.793832243737749632e+00,3.964491534431666242e+00,4.138340187762941547e+00,4.315329681513886406e+00,4.495410558424524972e+00,4.678532396432139251e+00,4.864643809382986461e+00,5.053692438888764293e+00,5.245625001239582197e+00,5.440387237311184343e+00,5.637923912351402222e+00,5.838178922503402646e+00,6.041095170229670686e+00,6.246614731618634231e+00,6.454678699301416245e+00,6.665227561588839222e+00,6.878200674513254675e+00,7.093536959285591692e+00,7.311174335018341353e+00,7.531050573271656390e+00,7.753102645499457601e+00,7.977267436810113743e+00,8.203481495973324655e+00,8.431681584720369216e+00,8.661804803903629946e+00,8.893788821149069435e+00,9.127573010122766561e+00
7.000000000000000666e-02,5.474459014645930571e-02,7.922235483976645953e-02,1.081969946259250109e-01,1.416600455167592587e-01,1.796017430065248166e-01,2.220110292905662641e-01,2.688755612928613314e-01,3.201817194416382018e-01,3.759146171415413407e-01,4.360581108328082656e-01,5.005948106303611533e-01,5.695060913978360340e-01,6.427721042157202858e-01,7.203717881461441097e-01,8.022828822106256030e-01,8.884819374911757661e-01,9.789443275525834265e-01,1.073644269107091764e+00,1.172554816681100176e+00,1.275647890164282261e+00,1.382894286715157683e+00,1.494263672662421660e+00,1.609724617719133777e+00,1.729244586823910135e+00,1.852789973733592888e+00,1.980326087126613288e+00,2.111817086395995080e+00,2.247226264716888355e+00,2.386515609988664188e+00,2.529646272126651052e+00,2.676578203979533388e+00,2.827270396077843806e+00,2.981680760931367136e+00,3.139766184165060814e+00,3.301482509855700798e+00,3.466784544499673437e+00,3.635626052448881040e+00,3.807959756066990664e+00,3.983737334377308148e+00,4.162909416550953701e+00,4.345425598726332161e+00,4.531234394926662468e+00,4.720283291732221720e+00,4.912518706358610210e+00,5.107886005769928239e+00,5.306329492786018953e+00,5.507792414463600572e+00,5.712216996663723734e+00,5.919544379540469414e+00,6.129714724318435337e+00,6.342667173443759410e+00,6.558339948030226019e+00,6.776670223998628728e+00,6.997594414654543016e+00,7.221048048308415623e+00,7.446966018968574019e+00,7.675282531909774164e+00,7.905931297377446931e+00,8.138846004364182818e+00,8.373959832749573451e+00,8.611206590745856815e+00,8.850520703062445094e+00,9.091837359429769450e+00,9.335093606941523348e+00,9.580228636762580408e+00
7.333333333333333370e-02,5.736056846366120038e-02,8.300796588036528367e-02,1.133670822020498153e-01,1.484290327342553117e-01,1.881835677250153216e-01,2.326190799684661470e-01,2.817226132379354597e-01,3.354798715024359668e-01,3.938752288318124739e-01,4.568917399247767741e-01,5.245111511710465191e-01,5.967139121613459496e-01,6.734791875526968674e-01,7.547848691860999937e-01,8.406075883872393684e-01,9.309227283034937628e-01,1.025704436243236373e+00,1.124925635200050067e+00,1.228558038891330195e+00,1.336572157574150044e+00,1.448937313623775092e+00,1.565621653022836846e+00,1.686592149950016939e+00,1.811814626489084867e+00,1.941253745151824583e+00,2.074873039802411334e+00,2.212634877722572835e+00,2.354500552682111447e+00,2.500430154874462296e+00,2.650382722410507430e+00,2.804316158105566892e+00,2.962187229812184963e+00,3.123951594327669223e+00,3.289563797452090821e+00,3.458977269743257921e+00,3.632144308987125481e+00,3.809016097135609513e+00,3.989542682757872161e+00,4.173672985657583823e+00,4.361354786208167411e+00,4.552534715664059206e+00,4.747158258950448406e+00,4.945169741141804742e+00,5.146512371895131110e+00,5.351128136371730903e+00,5.558957889038055100e+00,5.769941401125413982e+00,5.984017074006464654e+00,6.201122721447855923e+00,6.421194305522732293e+00,6.644167323856506435e+00,6.869975888923159246e+00,7.098553359640632721e+00,7.329832116161274058e+00,7.563743799745279439e+00,7.800219412357656701e+00,8.039189517172301791e+00,8.280584316175552573e+00,8.524334223116872167e+00,8.770370047384259848e+00,9.018623409215852149e+00,9.269027546404897677e+00,9.521517831294600498e+00,9.776032870528409191e+00,1.003251587058731431e+01
7.666666666666667462e-02,5.997781944158493000e-02,8.679541287552103301e-02,1.185396679386453572e-01,1.552012767487533640e-01,1.967695034230955708e-01,2.432321822515648713e-01,2.945757461814056399e-01,3.507852168319915420e-01,4.118442247385684096e-01,4.777350179803465102e-01,5.484384744342217788e-01,6.239341129434043953e-01,7.042001059168934152e-01,7.892132917335845654e-01,8.789491872846778575e-01,9.733820005320897861e-01,1.072484642990151338e+00,1.176228741658640775e+00,1.284584651396627031e+00,1.397521466006682145e+00,1.515007028975430270e+00,1.637007937809766389e+00,1.763489583452383380e+00,1.894416106073520067e+00,2.029750425999517827e+00,2.169454295030792679e+00,2.313488223120041543e+00,2.461811558319345394e+00,2.614382429557227105e+00,2.771157765651391269e+00,2.932093321342965631e+00,3.097143653922289630e+00,3.266262124035758330e+00,3.439400894942357567e+00,3.616510927857878421e+00,3.797541978153184949e+00,3.982442581992174269e+00,4.171160056805081062e+00,4.363640501098132951e+00,4.559828763389236705e+00,4.759668457956159671e+00,4.963101942586146009e+00,5.170070322197038770e+00,5.380513488713651427e+00,5.594369926328271347e+00,5.811577000333921106e+00,6.032070808888046365e+00,6.255786239251718506e+00,6.482656888502101644e+00,6.712615101473685897e+00,6.945592466923763197e+00,7.181519001603474450e+00,7.420324212642617212e+00,7.661936521110245479e+00,7.906283846064924958e+00,8.153293363660335302e+00,8.402892762881075228e+00,8.655008607883299732e+00,8.909569515008943341e+00,9.166504548043654665e+00,9.425744857700342649e+00,9.687224665608871632e+00,9.950882385014750753e+00,1.021666226645683828e+01,1.048451700614362103e+01
8.000000000000000167e-02,6.259640180834805112e-02,9.058478054095547849e-02,1.237148670979569265e-01,1.619769278105959165e-01,2.053597337559268099e-01,2.538505691380252838e-01,3.074352405616151973e-01,3.660980871138463932e-01,4.298219911592817133e-01,4.985883903465135880e-01,5.723772865423609746e-01,6.511672641114031324e-01,7.349354965431171838e-01,8.236577621881537858e-01,9.173084564482582026e-01,1.015860600627551902e+00,1.119285873648761198e+00,1.227554585360219219e+00,1.340635733351431158e+00,1.458496968603954169e+00,1.581104655854670193e+00,1.708423841033195112e+00,1.840418281711065029e+00,1.977050441760081601e+00,2.118281517917199430e+00,2.264071420016401159e+00,2.414378787902276446e+00,2.569161001538167621e+00,2.728374167059086641e+00,2.891973125162870417e+00,3.059911447141316465e+00,3.232141432567924966e+00,3.408614103576623755e+00,3.589279199962169820e+00,3.774085188013362124e+00,3.962979168446461475e+00,4.155907032882942609e+00,4.352813294877845074e+00,4.553641149138814015e+00,4.758332453047535715e+00,4.966827716159889050e+00,5.179066093247732816e+00,5.394985376786026521e+00,5.614521980419826974e+00,5.837610946106871701e+00,6.064186034014011462e+00,6.294179473349751142e+00,6.527522426594307703e+00,6.764144669894407436e+00,7.003974596161638644e+00,7.246939621913377039e+00,7.492966119124925051e+00,7.741979534797185813e+00,7.993904593867634745e+00,8.248665846240932353e+00,8.506186164046708242e+00,8.766392339730456840e+00,9.029207847716453017e+00,9.294560137287563251e+00,9.562378597181847795e+00,9.832596496393094299e+00,1.010515234617788138e+01,1.037999231076009465e+01,1.065707303797445249e+01,1.093636546750409089e+01
8.333333333333334259e-02,6.521637441021224668e-02,9.437615376223772168e-02,1.288927951717356302e-01,1.687561364673943465e-01,2.139544545314648605e-01,2.644744740795143545e-01,3.203013773577577106e-01,3.814188146623402886e-01,4.478089155760500151e-01,5.194523008102094330e-01,5.963280945340403427e-01,6.784139370632467081e-01,7.656859977808251339e-01,8.581189881489518223e-01,9.556861747904447091e-01,1.058359391824640339e+00,1.166109054265953793e+00,1.278904169092302645e+00,1.396712347277230482e+00,1.519499813692311463e+00,1.647231418407570480e+00,1.779870644266374535e+00,1.917379611983420995e+00,2.059719143692305021e+00,2.206848518613462318e+00,2.358725962028866086e+00,2.515308157033007586e+00,2.676550511899175699e+00,2.842407069147279586e+00,3.012830538698316740e+00,3.187772288748883742e+00,3.367182321757040686e+00,3.551009280478047092e+00,3.739200435763943009e+00,3.931701676075209040e+00,4.128457493936127598e+00,4.329410983108905597e+00,4.534503800959406306e+00,4.743676185529563050e+00,4.956866926513701976e+00,5.174013345583032830e+00,5.395051474461757479e+00,5.619915190567023267e+00,5.848537894712968921e+00,6.080850971301030583e+00,6.316784305900797314e+00,6.556266459582037243e+00,6.799224464228670328e+00,7.045584304254695063e+00,7.295270482527004496e+00,7.548206483405497380e+00,7.804314744177874630e+00,8.063517002684097434e+00,8.325734533632271450e+00,8.590888500863563593e+00,8.858900514113436486e+00,9.129693355587106041e+00,9.403191582873059673e+00,9.679322966481004542e+00,9.958019917863124348e+00,1.023922145584112542e+01,1.052287571175945935e+01,1.080894516395915872e+01,1.109740843397774235e+01,1.138827089901644030e+01
8.666666666666666963e-02,6.783779621690023964e-02,9.816961760212869481e-02,1.340735678915784823e-01,1.755390535773396488e-01,2.225538541019812799e-01,2.751041310019671227e-01,3.331744381140747113e-01,3.967477324528233540e-01,4.658053859273229569e-01,5.403271963332060279e-01,6.202914064220604873e-01,7.056747042640998391e-01,7.964522491596494058e-01,8.925976785230944621e-01,9.940831225233183188e-01,1.100879215697617264e+00,1.212955111941365072e+00,1.330278493584801325e+00,1.452815583643607855e+00,1.580531154625780532e+00,1.713388545191269596e+00,1.851349653613469703e+00,1.994374953068907441e+00,2.142423502324312334e+00,2.295452961914210999e+00,2.453419473759312908e+00,2.616277975591844385e+00,2.783981753663277825e+00,2.956482827426822446e+00,3.133731735611402502e+00,3.315677593056136629e+00,3.502268072807119381e+00,3.693449395069267727e+00,3.889166314669338043e+00,4.089362134355066125e+00,4.293978552037314600e+00,4.502955920111479493e+00,4.716232954346321726e+00,4.933746851334626093e+00,5.155433250353024910e+00,5.381226233148624694e+00,5.611058237995153242e+00,5.844860224293982220e+00,6.082561465713605564e+00,6.324089709997203990e+00,6.569371125801010791e+00,6.818330388552939603e+00,7.070890767315772152e+00,7.326974082756374962e+00,7.586500951540617876e+00,7.849391088544166450e+00,8.115563238219799302e+00,8.384935516083999119e+00,8.657426447081755683e+00,8.932954664445977855e+00,9.211440368510361409e+00,9.492805918709397162e+00,9.776977653995993833e+00,1.006388665127764703e+01,1.035347271466588381e+01,1.064568770538917875e+01,1.094049743025224153e+01,1.123789152592636853e+01,1.153789079048747368e+01,1.184056056268099510e+01
9.000000000000001055e-02,7.046072632693541060e-02,1.019652573083206365e-01,1.392573012392679388e-01,1.823258303226878985e-01,2.311581231559783622e-01,2.857397743270481683e-01,3.460547049643303841e-01,4.120851741505136001e-01,4.838117910224892237e-01,5.612135274655057904e-01,6.442677312261679834e-01,7.329501392972267437e-01,8.272348914068414771e-01,9.270945434595168066e-01,1.032500080647303031e+00,1.143420930848357164e+00,1.259824975733666141e+00,1.381678562644025332e+00,1.508946517556916112e+00,1.641592166856599588e+00,1.779577264006096504e+00,1.922862166579702325e+00,2.071405669804417649e+00,2.225165088996156282e+00,2.384096281992206023e+00,2.548153581643764820e+00,2.717289821420084017e+00,2.891456393854602513e+00,3.070603138734780302e+00,3.254678442719669995e+00,3.443629102831912814e+00,3.637400431172266746e+00,3.835936178703009070e+00,4.039178539303085458e+00,4.247068122006273150e+00,4.459543920758977542e+00,4.676543378201795775e+00,4.898002118203968358e+00,5.123854349345752901e+00,5.354032528432629334e+00,5.588467125484493536e+00,5.827087392971429303e+00,6.069820638354339160e+00,6.316592421741211716e+00,6.567326716712931223e+00,6.821945861642917386e+00,7.080370505462445507e+00,7.342520181426233528e+00,7.608312602452039997e+00,7.877664640226613280e+00,8.150492226008722696e+00,8.426710750755500356e+00,8.706235464709939365e+00,8.988982735603785912e+00,9.274869683445793100e+00,9.563816611775534327e+00,9.855747867649359506e+00,1.015059433308725367e+01,1.044829613141030578e+01,1.074880666725930212e+01,1.105209854238092504e+01,1.135817088138245978e+01,1.166706144795951161e+01,1.197886294476046487e+01,1.229374864560892888e+01
9.333333333333333759e-02,7.308522397300674933e-02,1.057631583211348092e-01,1.444441114572147244e-01,1.891166182231472925e-01,2.397674528533821903e-01,2.963816389859966205e-01,3.589424606561150144e-01,4.274314741387397198e-01,5.018285204968442326e-01,5.821117386808999372e-01,6.682575790169742458e-01,7.602408168918703968e-01,8.580345665183517490e-01,9.616102953022598321e-01,1.070937833408254436e+00,1.185985393352941841e+00,1.306719563623945257e+00,1.433105383180340420e+00,1.565106229657731163e+00,1.702683949530276131e+00,1.845798804661721748e+00,1.994409490221804804e+00,2.148473148073467787e+00,2.307945315447256451e+00,2.472780043987979681e+00,2.642929759852562732e+00,2.818345339565590191e+00,2.998976099809705254e+00,3.184769732627204863e+00,3.375672382233363855e+00,3.571628563989475591e+00,3.772581181256475347e+00,3.978471360544929780e+00,4.189238802311294307e+00,4.404821346366748713e+00,4.625155163070975739e+00,4.850174701962149726e+00,5.079812637038055634e+00,5.313999856037076697e+00,5.552665515094177273e+00,5.795736861877521129e+00,6.043139332172892786e+00,6.294796747967247974e+00,6.550630846307783806e+00,6.810561854151815808e+00,7.074507901122364828e+00,7.342386162563471430e+00,7.614111721721532611e+00,7.889598875068288386e+00,8.168760606185839990e+00,8.451509582527407360e+00,8.737758152611366569e+00,9.027419697630239881e+00,9.320409055072586213e+00,9.616643846039533372e+00,9.916046659913854810e+00,1.021854731406222605e+01,1.052408617254038425e+01,1.083261898489723585e+01,1.114412342270370360e+01,1.145860873803965596e+01,1.177612957560774376e+01,1.209680696495637164e+01,1.242086053566534254e+01,1.274865989340668726e+01
9.666666666666667851e-02,7.571134852735829368e-02,1.095634062812546744e-01,1.496341150589000912e-01,1.959115688617160123e-01,2.483820347611201962e-01,3.070299604540489558e-01,3.718379885746101454e-01,4.427869675479063072e-01,5.198559648461125171e-01,6.030222804909852741e-01,6.922614609585795442e-01,7.875473130307237835e-01,8.888519180785494633e-01,9.961456448760250826e-01,1.109397165421068809e+00,1.228573461010968426e+00,1.353639844537639858e+00,1.484559960911113752e+00,1.621295811775643747e+00,1.763807713407530064e+00,1.912054362439385313e+00,2.065992926917607608e+00,2.225578730793239313e+00,2.390765610753084136e+00,2.561505709832933242e+00,2.737749624394757220e+00,2.919446136780939671e+00,3.106542506087569766e+00,3.298984267656475122e+00,3.496715278949058092e+00,3.699677688681162202e+00,3.907811915410043468e+00,4.121056651094160195e+00,4.339348783893077766e+00,4.562623423110967025e+00,4.790813840863952677e+00,5.023851464232172326e+00,5.261665824763960941e+00,5.504184585210499137e+00,5.751333459093142864e+00,6.003036204968916323e+00,6.259214707179414638e+00,6.519788879281700922e+00,6.784676781112391808e+00,7.053794604171597982e+00,7.327056835807418622e+00,7.604376366260338749e+00,7.885664724844430928e+00,8.170832285633256475e+00,8.459788863212354570e+00,8.752444109420084217e+00,9.048708537646779959e+00,9.348493538122589541e+00,9.651715234003866328e+00,9.958293667309783714e+00,1.026815729571807800e+01,1.058124634915953877e+01,1.089751820513547287e+01,1.121695504669809118e+01,1.153957524774459209e+01,1.186544972081648019e+01,1.219472724489047266e+01,1.252767412623473042e+01,1.286473913184808282e+01,1.320666558907733723e+01
1.000000000000000056e-01,7.833915950720515831e-02,1.133660870374991192e-01,1.548274288394128062e-01,2.027108353375001448e-01,2.570020609108444876e-01,3.176849747597992324e-01,3.847415727688701104e-01,4.581519902843690928e-01,5.378945154584112709e-01,6.239456032156338594e-01,7.162798896083204525e-01,8.148702049220131194e-01,9.196875902972082573e-01,1.030701308909283798e+00,1.147878860138366264e+00,1.271185993274101644e+00,1.400586716267728349e+00,1.536043305845376628e+00,1.677516320358773072e+00,1.824964601439926115e+00,1.978345280870166256e+00,2.137613783316397065e+00,2.302723826750425751e+00,2.473627425179472095e+00,2.650274857571806475e+00,2.832614712969981241e+00,3.020593827287307853e+00,3.214157296618093351e+00,3.413248451480402679e+00,3.617808846085174057e+00,3.827778227028820535e+00,4.043094512749743075e+00,4.263693763630006295e+00,4.489510159746990858e+00,4.720475961544058130e+00,4.956521478583319151e+00,5.197575047223722322e+00,5.443563001333695084e+00,5.694409635039875184e+00,5.950037223265280062e+00,6.210365933396943205e+00,6.475313872578546182e+00,6.744797268878564900e+00,7.018730270726145193e+00,7.297025054565849267e+00,7.579592274168568622e+00,7.866340932930919294e+00,8.157178842816428244e+00,8.452013033559738986e+00,8.750750337240843280e+00,9.053298305689940761e+00,9.359565900050176523e+00,9.669465915536815004e+00,9.982916445555630958e+00,1.029984402311460201e+01,1.062018791074848956e+01,1.094390645842499410e+01,1.127098528296895452e+01,1.160145029117524196e+01,1.193538687451704838e+01,1.227296945153623930e+01,1.261450889228125405e+01,1.296053168779956266e+01,1.331192021494140754e+01,1.367017994281725102e+01
1.103448275862069089e-01,8.650582035149159688e-02,1.251839342406606548e-01,1.709669568547135809e-01,2.238411386997841424e-01,2.837906200000491208e-01,3.507974429394653537e-01,4.248415649549758255e-01,5.059008728534480914e-01,5.939511975370999064e-01,6.889663290736237622e-01,7.909180318117138286e-01,8.997760590172728667e-01,1.015508168928677568e+00,1.138080135648049218e+00,1.267455763723771112e+00,1.403596892303280219e+00,1.546463438803598267e+00,1.696013335104345154e+00,1.852202608191722444e+00,2.014985340921584989e+00,2.184313681055427558e+00,2.360137843574224181e+00,2.542406095814508937e+00,2.731064737387896457e+00,2.926058123376384490e+00,3.127328604087855179e+00,3.334816526250804714e+00,3.548460193958342224e+00,3.768195863484853358e+00,3.993957652111665091e+00,4.225677589824303304e+00,4.463285528424647985e+00,4.706708983793199685e+00,4.955873373065855958e+00,5.210701717559660828e+00,5.471114688549661764e+00,5.737030527212794162e+00,6.008365238320456214e+00,6.285032165827724171e+00,6.566942267114260545e+00,6.854004180690143500e+00,7.146124156032643171e+00,7.443206273200106970e+00,7.745152453355969691e+00,8.051863002841074035e+00,8.363236892455828908e+00,8.679172453633123396e+00,8.999568147226105097e+00,9.324324048541980048e+00,9.653343548025745235e+00,9.986535855377377757e+00,1.032381960619026451e+01,1.066512836698592359e+01,1.101041808323490301e+01,1.135967852202059092e+01,1.171295045288185932e+01,1.207035237953714280e+01,1.243212333570681594e+01,1.279869462102466926e+01,1.317081631205876491e+01,1.354979690518370994e+01,1.393800370938484612e+01,nan,nan,nan
1.206896551724137984e-01,9.469109299450600981e-02,1.370286298823366056e-01,1.871430153664826734e-01,2.450190632807418833e-01,3.106392575197027828e-01,3.839837657120465653e-01,4.650304503709840054e-01,5.537549024048948887e-01,6.501304211335248162e-01,7.541280664355268781e-01,8.657166562731523074e-01,9.848627867720151086e-01,1.111530844279414731e+00,1.245683017925189429e+00,1.387279329700906727e+00,1.536277597841519515e+00,1.692633493743610718e+00,1.856300518539211408e+00,2.027230009751816109e+00,2.205371137161454609e+00,2.390670903978766582e+00,2.583074105166564660e+00,2.782523358113123013e+00,2.988959024529728392e+00,3.202319309774784628e+00,3.422539991408449112e+00,3.649554632268644294e+00,3.883294402685953717e+00,4.123688072084181755e+00,4.370661945418609307e+00,4.624139820214883123e+00,4.884042893098272664e+00,5.150289774972636181e+00,5.422796353270859626e+00,5.701475763422429566e+00,5.986238352072139612e+00,6.276991588127307509e+00,6.573640355522250900e+00,6.876086207097453773e+00,7.184228597878091094e+00,7.497963733719469559e+00,7.817185800882143987e+00,8.141786832979823529e+00,8.471657400615500322e+00,8.806687439651284421e+00,9.146767242413970322e+00,9.491789374343362340e+00,9.841651739401497068e+00,1.019625966928679439e+01,1.055553299340197348e+01,1.091941318781269032e+01,1.128787559857013711e+01,1.166094806086151436e+01,1.203874027965318838e+01,1.242149211245914486e+01,1.280965581021429145e+01,1.320404585862607227e+01,1.360613043904134400e+01,1.401866757985649770e+01,nan,nan,nan,nan,nan,nan
1.310344827586207017e-01,1.028967869074052521e-01,1.489027837841312152e-01,2.033591546209187195e-01,2.662492361131231777e-01,3.375538093406961204e-01,4.172511149814371323e-01,5.053168695572249902e-01,6.017242823629254111e-01,7.064440725842413560e-01,8.194444866909825764e-01,9.406913141452476479e-01,1.070147904640269321e+00,1.207775177016679802e+00,1.353531639620898730e+00,1.507373391207110114e+00,1.669254132451333472e+00,1.839125165306739529e+00,2.016935394237947321e+00,2.202631343522444496e+00,2.396157024607386887e+00,2.597454180603885110e+00,2.806461947217527175e+00,3.023117049466316875e+00,3.247353715202804914e+00,3.479103568980472350e+00,3.718295648777567575e+00,3.964856310298670028e+00,4.218709214578350242e+00,4.479775213631982389e+00,4.747972320564292303e+00,5.023215514822227945e+00,5.305416909317296259e+00,5.594485403763814979e+00,5.890326808906666933e+00,6.192843641289209167e+00,6.501935266114646339e+00,6.817497681933281761e+00,7.139423684664753189e+00,7.467603185277855715e+00,7.801922934343264338e+00,8.142267383560477967e+00,8.488519085027386168e+00,8.840559641963572801e+00,9.198271084359413763e+00,9.561538035021916571e+00,9.930250778017640556e+00,1.030430996952667044e+01,1.068363338106203031e+01,1.106816670747752518e+01,1.145790044320597545e+01,1.185289574146345259e+01,1.225332789527798028e+01,1.265956126103384172e+01,1.307228331108190744e+01,1.349276692287385515e+01,1.392343451836844359e+01,1.436926832625463213e+01,nan,nan,nan,nan,nan,nan,nan,nan
1.413793103448275912e-01,1.111247292430043443e-01,1.608090311295999886e-01,2.196189592012620095e-01,2.875363286907726690e-01,3.645401669889060670e-01,4.506067304701795173e-01,5.457095222797838652e-01,6.498193106538228125e-01,7.629041491437098532e-01,8.849293849216240959e-01,1.015857694764902286e+00,1.155649094808715915e+00,1.304260891590436788e+00,1.461647834257038259e+00,1.627761976011298461e+00,1.802552743276101932e+00,1.985966947045159969e+00,2.177948710171107916e+00,2.378439536135216414e+00,2.587378223595584004e+00,2.804700908901061052e+00,3.030340891266172232e+00,3.264228749517572581e+00,3.506292227919905802e+00,3.756456140413303668e+00,4.014642342024338895e+00,4.280769650712857199e+00,4.554753742012863427e+00,4.836507076159827889e+00,5.125938814792565523e+00,5.422954661821758116e+00,5.727456892471705530e+00,6.039343943969010198e+00,6.358511112407098764e+00,6.684849419924717040e+00,7.018246539730978562e+00,7.358586385956957798e+00,7.705749573466639468e+00,8.059613570600896892e+00,8.420053413827501387e+00,8.786942699870888163e+00,9.160154763297597924e+00,9.539565310295250455e+00,9.925055577538792306e+00,1.031651767000270858e+01,1.071386245573683205e+01,1.111703242825232607e+01,1.152602111297721166e+01,1.194090582112910326e+01,1.236190340240481866e+01,1.278946735861377171e+01,1.322447334691764809e+01,1.366859910760770802e+01,1.412520806661909845e+01,nan,nan,nan,nan,nan,nan,nan,nan,nan,nan,nan
1.517241379310345084e-01,1.193767664916997179e-01,1.727500348720828471e-01,2.359260512396660625e-01,3.088850611216937825e-01,3.916042828482706462e-01,4.840579260516907345e-01,5.862172110490552202e-01,6.980503885631779148e-01,8.195227586894711092e-01,9.505966908068145260e-01,1.091231637706947311e+00,1.241384152158848897e+00,1.401007896901575345e+00,1.570053652933620869e+00,1.748469319117718968e+00,1.936199916072454785e+00,2.133187530410968424e+00,2.339371484963711278e+00,2.554687953542428058e+00,2.779070286641094789e+00,3.012448803550000775e+00,3.254750742933433916e+00,3.505900233896337870e+00,3.765818213724309693e+00,4.034422328484670750e+00,4.311626871101166714e+00,4.597342651875033326e+00,4.891476899983890902e+00,5.193933141037599732e+00,5.504611088351011539e+00,5.823406503105482024e+00,6.150211167501110410e+00,6.484912617460983242e+00,6.827394333808274318e+00,7.177535695866408716e+00,7.535211909251702700e+00,7.900294538549681000e+00,8.272651897713249269e+00,8.652149884344860098e+00,9.038653413282114357e+00,9.432028495215501351e+00,9.832145678909620656e+00,1.023888530198437685e+01,1.065214556077390817e+01,1.107185599767231921e+01,1.149799814967727585e+01,1.193064116374601902e+01,1.237000266585982722e+01,1.281655905514655025e+01,1.327125960968621499e+01,1.373598025777836185e+01,1.421462703409940076e+01,nan,nan,nan,nan,nan,nan,nan,nan,nan,nan,nan,nan,nan
1.620689655172413979e-01,1.276547661733127836e-01,1.847284881525778355e-01,2.522840936989791394e-01,3.303002063769180374e-01,4.187521754627995252e-01,5.176120961992415337e-01,6.268488308464775782e-01,7.464280295260808940e-01,8.763121509128984910e-01,1.016460480533242228e+00,1.166829147538674949e+00,1.327371137851627969e+00,1.498036300104590435e+00,1.678771355482941985e+00,1.869519882324868654e+00,2.070222341224566609e+00,2.280815993211361636e+00,2.501234976856920866e+00,2.731410050899871322e+00,2.971268886539821796e+00,3.220735747432750262e+00,3.479731476875424612e+00,3.748173442081894624e+00,4.025975355310468906e+00,4.313047525956720030e+00,4.609295887409916581e+00,4.914623198116260028e+00,5.228927336502739109e+00,5.552102429104464498e+00,5.884038112170403956e+00,6.224619520038396026e+00,6.573727191010410920e+00,6.931236984937920731e+00,7.297020266855589021e+00,7.670943700304213131e+00,8.052870043350065288e+00,8.442658567368731326e+00,8.840166210350867360e+00,9.245249500326494285e+00,9.657767509046189858e+00,1.007758663682265876e+01,1.050458818997566368e+01,1.093868066248239757e+01,1.137981983535628316e+01,1.182804245855342096e+01,1.228352554300602506e+01,1.274669403792224109e+01,1.321843194733509286e+01,1.370053377980134712e+01,1.419680969919168767e+01,1.471644209194528408e+01,nan,nan,nan,nan,nan,nan,nan,nan,nan,nan,nan,nan,nan,nan
1.724137931034482873e-01,1.359606185681636603e-01,1.967471167773339469e-01,2.686967937222017877e-01,3.517865898204213249e-01,4.459899349630345178e-01,5.512767225907583279e-01,6.676133803918151699e-01,7.949628686585689108e-01,9.332847060691320529e-01,1.082534988696234102e+00,1.242666405332194746e+00,1.413628248698361789e+00,1.595366420928102658e+00,1.787823432613829366e+00,1.990938393432963860e+00,2.204646992244204462e+00,2.428881478217058465e+00,2.663570604147936560e+00,2.908639588103391294e+00,3.164010069039894901e+00,3.429599900213111230e+00,3.705323306012172413e+00,3.991090519981072671e+00,4.286807784747592720e+00,4.592377187854352449e+00,4.907696503601080451e+00,5.232659032693085521e+00,5.567153429672397458e+00,5.911063536641159466e+00,6.264268185074801210e+00,6.626641184431211862e+00,6.998051207421394082e+00,7.378361720914065280e+00,7.767431134989153385e+00,8.165113517912976349e+00,8.571259182315667857e+00,8.985716167050203040e+00,9.408332627972292528e+00,9.838960820111019245e+00,1.027746329127005964e+01,1.072372341885760427e+01,1.117766259535409290e+01,1.163926925807225388e+01,1.210865007291773843e+01,1.258612281768712648e+01,1.307239773428585217e+01,1.356896025960317509e+01,1.407898778695585840e+01,1.461001770351319173e+01,nan,nan,nan,nan,nan,nan,nan,nan,nan,nan,nan,nan,nan,nan,nan,nan
1.827586206896552046e-01,1.442962384908816065e-01,2.088086817663112327e-01,2.851679060808943733e-01,3.733491176809113354e-01,4.733237286288520251e-01,5.850593808651552985e-01,7.085199713568068880e-01,8.436656727511784304e-01,9.904529609373523558e-01,1.148834611679371287e+00,1.318759775989393646e+00,1.500173910705235425e+00,1.693018810181775802e+00,1.897232626283832602e+00,2.112749810450387677e+00,2.339501114490092348e+00,2.577413536194825827e+00,2.826410298041929892e+00,3.086410688976741756e+00,3.357330062988856945e+00,3.639079692100126717e+00,3.931566692534428142e+00,4.234693814618859520e+00,4.548359328238245958e+00,4.872456828383130656e+00,5.206875071881749584e+00,5.551497725549871198e+00,5.906203228617179946e+00,6.270864533941052699e+00,6.645348974613242810e+00,7.029518374958833249e+00,7.423228550219669764e+00,7.826330031528089037e+00,8.238668307693101767e+00,8.660084733563504500e+00,9.090418453383886543e+00,9.529508980570275511e+00,9.977201300348585988e+00,1.043335371493587616e+01,1.089785160341661374e+01,1.137062962540618116e+01,1.185171235198480133e+01,1.234128618244568187e+01,1.283983817985779829e+01,1.334844173548667534e+01,1.386941333464103820e+01,1.440808865318634524e+01,nan,nan,nan,nan,nan,nan,nan,nan,nan,nan,nan,nan,nan,nan,nan,nan,nan,nan
1.931034482758620940e-01,1.526635671105815995e-01,2.209159819621604737e-01,3.017012366950905244e-01,3.949927335561891351e-01,5.007598065643475982e-01,6.189677475477021185e-01,7.495778323965700540e-01,8.925473457039508896e-01,1.047829600704521358e+00,1.215373964989616917e+00,1.395125857148401760e+00,1.587026773088172638e+00,1.791014264853119098e+00,2.007021932850132639e+00,2.234979399661390254e+00,2.474812266437554698e+00,2.726442067163075578e+00,2.989786165289431530e+00,3.264757734920491483e+00,3.551265524979840826e+00,3.849213845678169044e+00,4.158502352342989816e+00,4.479025880356649836e+00,4.810674246723514180e+00,5.153332034275059037e+00,5.506878360415732310e+00,5.871186646324492386e+00,6.246124368583640951e+00,6.631552903860573167e+00,7.027327312771312506e+00,7.433296453268201098e+00,7.849303016507945152e+00,8.275184120728923176e+00,8.710772187114264042e+00,9.155897404756482061e+00,9.610390058128210455e+00,1.007408713332366190e+01,1.054684153133107394e+01,1.102853841335713803e+01,1.151912443861705526e+01,1.201865853951893826e+01,1.252740945131123240e+01,1.304604912646230908e+01,1.357607588820134659e+01,1.412086851705338120e+01,1.468893780058503928e+01,nan,nan,nan,nan,nan,nan,nan,nan,nan,nan,nan,nan,nan,nan,nan,nan,nan,nan,nan
2.034482758620689835e-01,1.610645746053306626e-01,2.330718567121637386e-01,3.183006462485365451e-01,4.167224711658876202e-01,5.283045075764287724e-01,6.530096071678650471e-01,7.907963196740454004e-01,9.416189439125898231e-01,1.105427502508050219e+00,1.282167797728877456e+00,1.471781423110792852e+00,1.674205728197823539e+00,1.889373845696586951e+00,2.117214650158223410e+00,2.357652722550592550e+00,2.610608314745477276e+00,2.875997189451967362e+00,3.153730649094971028e+00,3.443715467743077241e+00,3.745853373342849846e+00,4.060041394183578234e+00,4.386171267619783265e+00,4.724129484084502728e+00,5.073796868585486841e+00,5.435048400920951650e+00,5.807752926864264253e+00,6.191772885462751397e+00,6.586964071678279353e+00,6.993175428749987432e+00,7.410248886095655685e+00,7.838020050491300239e+00,8.276317539193575712e+00,8.724965225895887855e+00,9.183783570202979973e+00,9.652593587890777371e+00,1.013122295651500515e+01,1.061951702362476446e+01,1.111735820829552779e+01,1.162469957726708536e+01,1.214162842945559362e+01,1.266848800243009876e+01,1.320613125080337369e+01,1.375650496905468856e+01,1.432422211455771333e+01,1.492210448834332404e+01,nan,nan,nan,nan,nan,nan,nan,nan,nan,nan,nan,nan,nan,nan,nan,nan,nan,nan,nan,nan
2.137931034482759007e-01,1.695012581655458150e-01,2.452791886266458832e-01,3.349700539254256149e-01,4.385434350955846328e-01,5.559642651561079729e-01,6.871928506952736937e-01,8.321849454037895111e-01,9.908916884847035478e-01,1.163259715021689233e+00,1.349231127168661448e+00,1.548743512497421371e+00,1.761729924524966018e+00,1.988118891245781894e+00,2.227834357801178111e+00,2.480795629505879951e+00,2.746917413824345733e+00,3.026109469373560845e+00,3.318276666880678683e+00,3.623318934925772616e+00,3.941130834385386805e+00,4.271601625822237125e+00,4.614614690443442413e+00,4.970047587771929010e+00,5.337771651909747561e+00,5.717651564021340782e+00,6.109545215529189832e+00,6.513303287617256743e+00,6.928768961307318008e+00,7.355778277405994992e+00,7.794159076641061112e+00,8.243732612331715615e+00,8.704314003004707700e+00,9.175714185843192539e+00,9.657743926598548967e+00,1.015022050434346745e+01,1.065297916299444303e+01,1.116589516235599966e+01,1.168892145415479611e+01,1.222216181664940926e+01,1.276601547661051050e+01,1.332148844187735470e+01,1.389094272842051936e+01,1.448025705402863572e+01,nan,nan,nan,nan,nan,nan,nan,nan,nan,nan,nan,nan,nan,nan,nan,nan,nan,nan,nan,nan,nan,nan
2.241379310344827902e-01,1.779756518184288094e-01,2.575409064201489850e-01,3.517134412386018205e-01,4.604608105944348884e-01,5.837456136936839401e-01,7.215255307884546054e-01,8.737533309928313674e-01,1.040376963391425269e+00,1.221339486353985260e+00,1.416579155334340312e+00,1.626029393287096392e+00,1.849618785086766248e+00,2.087271050427094821e+00,2.338904985415104498e+00,2.604434459418766501e+00,2.883768164297296988e+00,3.176809717534999411e+00,3.483457305330340592e+00,3.803603626165117380e+00,4.137135626944233202e+00,4.483934255122377976e+00,4.843874177591199093e+00,5.216823450747900992e+00,5.602643179852685229e+00,6.001187154136597535e+00,6.412301497859542287e+00,6.835824320224357820e+00,7.271585452544522710e+00,7.719406711378594466e+00,8.179101506626386353e+00,8.650476696428526679e+00,9.133333495803176660e+00,9.627472369131364616e+00,1.013269850613784762e+01,1.064883482967218953e+01,1.117574461732943014e+01,1.171337205789288305e+01,1.226182227382485834e+01,1.282152287145601299e+01,1.339358164884280455e+01,1.398067799813019185e+01,1.458978040119119157e+01,nan,nan,nan,nan,nan,nan,nan,nan,nan,nan,nan,nan,nan,nan,nan,nan,nan,nan,nan,nan,nan,nan,nan
2.344827586206896797e-01,1.864898206310734718e-01,2.698599878322791579e-01,3.685348559893587561e-01,4.824798727682308996e-01,6.116551897443046615e-01,7.560157636220449229e-01,9.155112978773209953e-01,1.090086338691572676e+00,1.279680273101858168e+00,1.484227364123428483e+00,1.703656614990116003e+00,1.937892024159783233e+00,2.186852263782395500e+00,2.450450768996883077e+00,2.728595678292712989e+00,3.021189522125304894e+00,3.328129302185589555e+00,3.649306207709710037e+00,3.984605375218328138e+00,4.333905649258753101e+00,4.697079273158545121e+00,5.073991542632857232e+00,5.464500423501092996e+00,5.868456144458286339e+00,6.285700794633068966e+00,6.716067843164053031e+00,7.159381983969871577e+00,7.615458821213039187e+00,8.084105075683522657e+00,8.565119332215669345e+00,9.058293698549146455e+00,9.563417335917844042e+00,1.008028295022412024e+01,1.060869890243869662e+01,1.114851170640371159e+01,1.169964804373041467e+01,1.226219747193087706e+01,1.283658325691625635e+01,1.342394700981071587e+01,1.402713369431532264e+01,1.465380799512546162e+01,nan,nan,nan,nan,nan,nan,nan,nan,nan,nan,nan,nan,nan,nan,nan,nan,nan,nan,nan,nan,nan,nan,nan,nan
2.448275862068965691e-01,1.950458667434469828e-01,2.822394626812120277e-01,3.854384163475862435e-01,5.046059714042759881e-01,6.396997640346798741e-01,7.906718601465065888e-01,9.574687892156191760e-01,1.140031576524967560e+00,1.338295752948226669e+00,1.552191371790117680e+00,1.781642994497173005e+00,2.026569663206198690e+00,2.286884847796499365e+00,2.562496355705875306e+00,2.853306288137979596e+00,3.159210781306444282e+00,3.480099888877409953e+00,3.815857382981621360e+00,4.166360436098012876e+00,4.531479319510149928e+00,4.911077037160654690e+00,5.305008913877968801e+00,5.713122149828414820e+00,6.135255333183287973e+00,6.571237980553081393e+00,7.020890110114017979e+00,7.484021958776714278e+00,7.960433894442708436e+00,8.449917076915095748e+00,8.952254549277057549e+00,9.467224716371051230e+00,9.994607028738515808e+00,1.053419338657415416e+01,1.108580998131555617e+01,1.164935804759812044e+01,1.222489551864511981e+01,1.281280794893470443e+01,1.341419780657212080e+01,1.403189676881114778e+01,1.467372790820363093e+01,nan,nan,nan,nan,nan,nan,nan,nan,nan,nan,nan,nan,nan,nan,nan,nan,nan,nan,nan,nan,nan,nan,nan,nan,nan
2.551724137931035141e-01,2.036459307679931718e-01,2.946824159561479139e-01,4.024283150797902664e-01,5.268445772719685394e-01,6.678861975225812708e-01,8.255022206064062118e-01,9.996359535713132960e-01,1.190224646454394630e+00,1.397199835262253664e+00,1.620487226528104285e+00,1.860006647271619240e+00,2.115672050801181481e+00,2.387391425946144174e+00,2.675066727557444679e+00,2.978593700352226925e+00,3.297861728119017233e+00,3.632753608487772290e+00,3.983145281324690146e+00,4.348905491037070803e+00,4.729895422621641643e+00,5.125968228835554363e+00,5.536968716874955732e+00,5.962732441873690448e+00,6.403085564969648757e+00,6.857844222095698328e+00,7.326813822145155086e+00,7.809789318554549276e+00,8.306554731467935326e+00,8.816885154836240801e+00,9.340548398100272820e+00,9.877310648007043170e+00,1.042694674487558970e+01,1.098925949642755029e+01,1.156411886883602591e+01,1.215153797279219106e+01,1.275183573997926700e+01,1.336600944625667076e+01,1.399670573966102083e+01,1.465135675179346286e+01,nan,nan,nan,nan,nan,nan,nan,nan,nan,nan,nan,nan,nan,nan,nan,nan,nan,nan,nan,nan,nan,nan,nan,nan,nan,nan
2.655172413793103758e-01,2.122921940501956428e-01,3.071919888315906566e-01,4.195088238841931383e-01,5.492012469717356682e-01,6.962214984097622184e-01,8.605155439962599573e-01,1.042023109931086822e+00,1.240677717130444169e+00,1.456406686561526387e+00,1.689131146688035212e+00,1.938766001103024106e+00,2.205219875177327093e+00,2.488395034716937904e+00,2.788187268419463738e+00,3.104485700192786801e+00,3.437172566457571410e+00,3.786123047876775338e+00,4.151204804253598724e+00,4.532277667533914034e+00,4.929193177299729278e+00,5.341794049673788791e+00,5.769913666209705028e+00,6.213375335947431743e+00,6.671991878516168484e+00,7.145564806866553376e+00,7.633884164571739461e+00,8.136728281425776643e+00,8.653864510036084923e+00,9.185051098028440109e+00,9.730041517578699839e+00,1.028859326757978998e+01,1.086048523392036103e+01,1.144555197241350442e+01,1.204375269892394229e+01,1.265531900726527859e+01,1.328109209843762706e+01,1.392340038018131487e+01,1.458884970893006994e+01,1.530160915417830125e+01,nan,nan,nan,nan,nan,nan,nan,nan,nan,nan,nan,nan,nan,nan,nan,nan,nan,nan,nan,nan,nan,nan,nan,nan,nan,nan
2.758620689655172376e-01,2.209868810111732529e-01,3.197713932731945929e-01,4.366842979750587550e-01,5.716816490571962062e-01,7.247128058202052525e-01,8.957204828547941089e-01,1.084640777842404757e+00,1.291403208842682560e+00,1.515930719165832441e+00,1.758139674050203771e+00,2.017939764939551850e+00,2.295234193895980823e+00,2.589919083182754100e+00,2.901883785242041824e+00,3.231010490192232076e+00,3.577173965795156896e+00,3.940241266066901726e+00,4.320071331252058222e+00,4.716514559109234561e+00,5.129412214101611411e+00,5.558595882586329751e+00,6.003886790066216506e+00,6.465095049011163830e+00,6.942019153474884519e+00,7.434444872803940285e+00,7.942145878808120507e+00,8.464882870578529506e+00,9.002405561716440019e+00,9.554455735054936838e+00,1.012077447037834865e+01,1.070111673487707016e+01,1.129528070153378927e+01,1.190316766569096707e+01,1.252490970275540327e+01,1.316116212864763391e+01,1.381385389675490138e+01,1.448851239154275383e+01,1.520460184363269107e+01,nan,nan,nan,nan,nan,nan,nan,nan,nan,nan,nan,nan,nan,nan,nan,nan,nan,nan,nan,nan,nan,nan,nan,nan,nan,nan,nan
2.862068965517241548e-01,2.297322615778738530e-01,3.324238929674762089e-01,4.539591807131617140e-01,5.942915661242655911e-01,7.533674027425381059e-01,9.311260036009668672e-01,1.127499680259528736e+00,1.342413771233678776e+00,1.575786635105191458e+00,1.827529660255720056e+00,2.097547188207798730e+00,2.385736441566955968e+00,2.691987399383588997e+00,3.016182570193779000e+00,3.358196842871019605e+00,3.717897086908080073e+00,4.095141824610966097e+00,4.489780759585938696e+00,4.901654237961163396e+00,5.330592622939397174e+00,5.776415590496763564e+00,6.238931357363417085e+00,6.717935898554542540e+00,7.213212075630940134e+00,7.724529382316919879e+00,8.251643228551090559e+00,8.794296021173440892e+00,9.352219318934322345e+00,9.925139311281078847e+00,1.051278855115362276e+01,1.111493009937360732e+01,1.173140718608397748e+01,1.236224991814748542e+01,1.300791749369879469e+01,1.366991118657094084e+01,1.435260853314194307e+01,1.507078884995555335e+01,nan,nan,nan,nan,nan,nan,nan,nan,nan,nan,nan,nan,nan,nan,nan,nan,nan,nan,nan,nan,nan,nan,nan,nan,nan,nan,nan,nan
2.965517241379310720e-01,2.385306537067346244e-01,3.451528294998977842e-01,4.713380085001749320e-01,6.170369010741733051e-01,7.821927179544624353e-01,9.667412201985213782e-01,1.170610758644760274e+00,1.393722297980258373e+00,1.635989418040173060e+00,1.897318286737974313e+00,2.177607596311220473e+00,2.476748440176697930e+00,2.794624244323267614e+00,3.131110347626079093e+00,3.486073939552502665e+00,3.859373602301888972e+00,4.250858806228441367e+00,4.660369470267079706e+00,5.087735275599936990e+00,5.532774945151996526e+00,5.995295423212465558e+00,6.475090992744014784e+00,6.971942416751058857e+00,7.485615865411584302e+00,8.015862852238331726e+00,8.562419890409479706e+00,9.125009935128982619e+00,9.703346433187014952e+00,1.029714184452222270e+01,1.090612718580682561e+01,1.153009148306489173e+01,1.216896708675020555e+01,1.282302397038923303e+01,1.349334962295464813e+01,1.418323488302061186e+01,1.490340037498564207e+01,nan,nan,nan,nan,nan,nan,nan,nan,nan,nan,nan,nan,nan,nan,nan,nan,nan,nan,nan,nan,nan,nan,nan,nan,nan,nan,nan,nan,nan
3.068965517241379892e-01,2.473844260070130752e-01,3.579616148303677581e-01,4.888254158338231070e-01,6.399236834950889907e-01,8.111963421646326555e-01,1.002575439171625948e+00,1.213985183073410523e+00,1.445341966751586327e+00,1.696554361739094130e+00,1.967523080044295769e+00,2.258140893019868312e+00,2.568292497255262763e+00,2.897854353936922145e+00,3.246694338413393499e+00,3.614671540326035881e+00,4.001635720909016314e+00,4.407426839012658526e+00,4.831874406540830336e+00,5.274796757914881340e+00,5.736000190590167414e+00,6.215278007092664758e+00,6.712409537116838187e+00,7.227159062449874938e+00,7.759275030963414643e+00,8.308489543333758220e+00,8.874518894062395802e+00,9.457066183181295216e+00,1.005582662062147570e+01,1.067050380254345043e+01,1.130083836651486351e+01,1.194667490579169389e+01,1.260811199673344341e+01,1.328586554097545402e+01,1.398227941196030955e+01,1.470484120632389313e+01,nan,nan,nan,nan,nan,nan,nan,nan,nan,nan,nan,nan,nan,nan,nan,nan,nan,nan,nan,nan,nan,nan,nan,nan,nan,nan,nan,nan,nan,nan
3.172413793103449065e-01,2.562960004673969783e-01,3.708537374316883684e-01,5.064261405653235348e-01,6.629580766829963334e-01,8.403860326715855145e-01,1.038638169826871849e+00,1.257634364366096325e+00,1.497286202942296640e+00,1.757497080805640488e+00,2.038161929368782932e+00,2.339167336633007466e+00,2.660391262211473151e+00,3.001702897771945988e+00,3.362962281091248951e+00,3.744019883457692544e+00,4.144716211135939687e+00,4.564881113228819842e+00,5.004333064936804298e+00,5.462878304454149792e+00,5.940309844303762077e+00,6.436406376164311105e+00,6.950931129300976785e+00,7.483630683048591692e+00,8.034234254842944623e+00,8.602453242304401115e+00,9.187982569957945600e+00,9.790504638249188929e+00,1.040969949813310080e+01,1.104526724816974870e+01,1.169697781682396887e+01,1.236478232163307922e+01,1.304908130336867345e+01,1.375144054624043122e+01,1.447690588626011099e+01,1.524488665138365207e+01,nan,nan,nan,nan,nan,nan,nan,nan,nan,nan,nan,nan,nan,nan,nan,nan,nan,nan,nan,nan,nan,nan,nan,nan,nan,nan,nan,nan,nan,nan
3.275862068965517682e-01,2.652678553136817441e-01,3.838327662768470927e-01,5.241450292824851864e-01,6.861463844657772482e-01,8.697697210873434059e-01,1.074939134797716633e+00,1.301569966929913669e+00,1.549568818382297986e+00,1.818833528157010937e+00,2.109253098817232885e+00,2.420707612178820689e+00,2.753067963166891285e+00,3.106195690923719166e+00,3.479942450105163676e+00,3.874149814005706460e+00,4.288648425921136820e+00,4.723257416500050709e+00,5.177783520717033738e+00,5.652020074931280114e+00,6.145745873453940966e+00,6.658723910693843173e+00,7.190700077331471540e+00,7.741401912750373704e+00,8.310537861075367516e+00,8.897797151989545128e+00,9.502852422606428817e+00,1.012536556937733501e+01,1.076500450862111968e+01,1.142147772834798047e+01,1.209461602836192284e+01,1.278456406029760473e+01,1.349227587665529526e+01,1.422101707201051290e+01,1.498243503883420935e+01,nan,nan,nan,nan,nan,nan,nan,nan,nan,nan,nan,nan,nan,nan,nan,nan,nan,nan,nan,nan,nan,nan,nan,nan,nan,nan,nan,nan,nan,nan,nan
3.379310344827586299e-01,2.743025279426066776e-01,3.969023555793250169e-01,5.419870434767318779e-01,7.094950586599135800e-01,8.993555241086086394e-01,1.111488281228016017e+00,1.345803922032052791e+00,1.602203802800775012e+00,1.880580023196815942e+00,2.180815283851614605e+00,2.502782861254531976e+00,2.846346215642875599e+00,3.211358838376655367e+00,3.597663684781854609e+00,4.005092759557229876e+00,4.433466327493612802e+00,4.882592145258889182e+00,5.352264447702497208e+00,5.842262764195822022e+00,6.352350732849684434e+00,6.882274430525950670e+00,7.431760974525749575e+00,8.000517478632522383e+00,8.588229935340033094e+00,9.194564102019258556e+00,9.819169166002243543e+00,1.046168806485813896e+01,1.112178205415774279e+01,1.179918741152160067e+01,1.249384887017251877e+01,1.320625665850925579e+01,1.393840995534668004e+01,1.469727175057711221e+01,1.551528973599214289e+01,nan,nan,nan,nan,nan,nan,nan,nan,nan,nan,nan,nan,nan,nan,nan,nan,nan,nan,nan,nan,nan,nan,nan,nan,nan,nan,nan,nan,nan,nan,nan
3.482758620689655471e-01,2.834026180425582853e-01,4.100662481834870809e-01,5.599572645647440394e-01,7.330107066915080294e-01,9.291517549685290867e-01,1.148295793252041230e+00,1.390348440133079011e+00,1.655205560419852340e+00,1.942753214714243448e+00,2.252867554734337308e+00,2.585414628557965333e+00,2.940250195913741926e+00,3.317219200851253991e+00,3.716155417870524502e+00,4.136880764139254651e+00,4.579204512659315718e+00,5.042922332146844155e+00,5.527815137487301911e+00,6.033647754540497843e+00,6.560167375958267932e+00,7.107101962661350747e+00,7.674158564051306364e+00,8.261021967309154945e+00,8.867354159597885754e+00,9.492795872041325467e+00,1.013697259421055286e+01,1.079951055796771797e+01,1.148007489083810917e+01,1.217846027243579776e+01,1.289481519142908894e+01,1.363025486705577194e+01,1.438885749332993313e+01,1.518691108183152139e+01,nan,nan,nan,nan,nan,nan,nan,nan,nan,nan,nan,nan,nan,nan,nan,nan,nan,nan,nan,nan,nan,nan,nan,nan,nan,nan,nan,nan,nan,nan,nan,nan
3.586206896551724643e-01,2.925707908091891851e-01,4.233282812074078971e-01,5.780609010212760523e-01,7.567000996098588450e-01,9.591669273747160940e-01,1.185372098465763413e+00,1.435216025547965346e+00,1.708588815859696686e+00,2.005370209379607971e+00,2.325429448598046900e+00,2.668625083441577228e+00,3.034804614919133670e+00,3.423804154619729978e+00,3.835447690588550618e+00,4.269546519055368528e+00,4.725898237821795966e+00,5.204285671368609201e+00,5.704475518091341790e+00,6.226216822386390959e+00,6.769239193266737509e+00,7.333251092452464093e+00,7.917937723109748305e+00,8.522959877758333747e+00,9.147953756410165838e+00,9.792533701527924350e+00,1.045630171968698541e+01,1.113887203403526271e+01,1.183993041882738062e+01,1.255938077971478961e+01,1.329773139132260518e+01,1.405726068946210283e+01,1.484657082427574792e+01,nan,nan,nan,nan,nan,nan,nan,nan,nan,nan,nan,nan,nan,nan,nan,nan,nan,nan,nan,nan,nan,nan,nan,nan,nan,nan,nan,nan,nan,nan,nan,nan,nan
3.689655172413793816e-01,3.018097803209132679e-01,4.366923903627882297e-01,5.963032944026983584e-01,7.805701803984941289e-01,9.894097717681566984e-01,1.222727891592168881e+00,1.480419494679632963e+00,1.762368653258685747e+00,2.068448462525350084e+00,2.398520977407274213e+00,2.752436778276519114e+00,3.130034767931421769e+00,3.531141669509016090e+00,3.955571193839448885e+00,4.403123380464161407e+00,4.873583441546509576e+00,5.366720538919947714e+00,5.882286171969007604e+00,6.420012481657884962e+00,6.979610218541003164e+00,7.560766607081724544e+00,8.163143404982855955e+00,8.786375498716202159e+00,9.430071588007963967e+00,1.009381792759338659e+01,1.077719489287161103e+01,1.147981251023846205e+01,1.220140464109647205e+01,1.294206930878675799e+01,1.370295467273916579e+01,1.448862321902792694e+01,1.531922475979347453e+01,nan,nan,nan,nan,nan,nan,nan,nan,nan,nan,nan,nan,nan,nan,nan,nan,nan,nan,nan,nan,nan,nan,nan,nan,nan,nan,nan,nan,nan,nan,nan,nan,nan
3.793103448275862988e-01,3.111223930693570727e-01,4.501626150678929017e-01,6.146899262143944442e-01,8.046280727024899271e-01,1.019889243633066434e+00,1.260374136362143904e+00,1.525971984720457586e+00,1.816560534118926373e+00,2.132005944539308917e+00,2.472162610772760338e+00,2.836872854636150798e+00,3.225966501921226470e+00,3.639260358216551694e+00,4.076557289436813392e+00,4.537645413976670206e+00,5.022296802449189634e+00,5.530266017271673107e+00,6.061288353166956355e+00,6.615077797011100991e+00,7.191324742460497355e+00,7.789693640694336452e+00,8.409820660419129013e+00,9.051312829729404541e+00,9.713749076357837353e+00,1.039668802267986969e+01,1.109968998338203328e+01,1.182237481098796295e+01,1.256456875688833463e+01,1.332670877050512814e+01,1.411111322658232936e+01,1.492724344921006896e+01,nan,nan,nan,nan,nan,nan,nan,nan,nan,nan,nan,nan,nan,nan,nan,nan,nan,nan,nan,nan,nan,nan,nan,nan,nan,nan,nan,nan,nan,nan,nan,nan,nan,nan
3.896551724137931050e-01,3.205115116535707243e-01,4.637431037551283941e-01,6.332264250038630582e-01,8.288810899412358824e-01,1.050614532826605885e+00,1.298322084741294846e+00,1.571886974946600235e+00,1.871180315377957371e+00,2.196060971550709340e+00,2.546375341761008659e+00,2.921957046403444558e+00,3.322626309300914738e+00,3.748189496675473187e+00,4.198438040330463750e+00,4.673147408455941232e+00,5.172075693930409557e+00,5.694961916946716940e+00,6.241523997115452360e+00,6.811456474908404779e+00,7.404427689331340545e+00,8.020077429557662896e+00,8.658014478001698322e+00,9.317815478841859900e+00,9.999028062049573506e+00,1.070118248058016874e+01,1.142382517198647918e+01,1.216660711395156724e+01,1.292952027474203369e+01,1.371359543790581093e+01,1.452339842890844857e+01,1.538069347767936712e+01,nan,nan,nan,nan,nan,nan,nan,nan,nan,nan,nan,nan,nan,nan,nan,nan,nan,nan,nan,nan,nan,nan,nan,nan,nan,nan,nan,nan,nan,nan,nan,nan,nan,nan
4.000000000000000222e-01,nan,nan,nan,nan,nan,nan,nan,nan,nan,nan,nan,nan,nan,nan,nan,nan,nan,nan,nan,nan,nan,nan,nan,nan,nan,nan,nan,nan,nan,nan,nan,nan,nan,nan,nan,nan,nan,nan,nan,nan,nan,nan,nan,nan,nan,nan,nan,nan,nan,nan,nan,nan,nan,nan,nan,nan,nan,nan,nan,nan,nan,nan,nan,nan,nan
